{
  "FTHome": {
    "count": 228374.0,
    "mean": 1.4884575302,
    "std": 1.2590441191,
    "min": 0.0,
    "median": 1.0,
    "max": 10.0
  },
  "FTAway": {
    "count": 228374.0,
    "mean": 1.1498900926,
    "std": 1.1127181147,
    "min": 0.0,
    "median": 1.0,
    "max": 13.0
  },
  "HTHome": {
    "count": 173797.0,
    "mean": 0.6574106573,
    "std": 0.8123171738,
    "min": 0.0,
    "median": 0.0,
    "max": 7.0
  },
  "HTAway": {
    "count": 173797.0,
    "mean": 0.5023849664,
    "std": 0.715214838,
    "min": 0.0,
    "median": 0.0,
    "max": 7.0
  },
  "HomeShots": {
    "count": 112555.0,
    "mean": 12.7609080005,
    "std": 4.9905634384,
    "min": 0.0,
    "median": 12.0,
    "max": 46.0
  },
  "AwayShots": {
    "count": 112558.0,
    "mean": 10.4143463814,
    "std": 4.4538512836,
    "min": 0.0,
    "median": 10.0,
    "max": 45.0
  },
  "HomeTarget": {
    "count": 111749.0,
    "mean": 5.1249854585,
    "std": 2.7656483812,
    "min": 0.0,
    "median": 5.0,
    "max": 31.0
  },
  "AwayTarget": {
    "count": 111752.0,
    "mean": 4.1434068294,
    "std": 2.4300465505,
    "min": 0.0,
    "median": 4.0,
    "max": 23.0
  },
  "HomeFouls": {
    "count": 111793.0,
    "mean": 12.6208707164,
    "std": 4.4764433045,
    "min": 0.0,
    "median": 12.0,
    "max": 145.0
  },
  "AwayFouls": {
    "count": 111793.0,
    "mean": 13.0801660211,
    "std": 4.5505304599,
    "min": 0.0,
    "median": 13.0,
    "max": 77.0
  },
  "HomeCorners": {
    "count": 112183.0,
    "mean": 5.6664022178,
    "std": 2.9403776137,
    "min": 0.0,
    "median": 5.0,
    "max": 26.0
  },
  "AwayCorners": {
    "count": 112183.0,
    "mean": 4.6179902481,
    "std": 2.6246330168,
    "min": 0.0,
    "median": 4.0,
    "max": 23.0
  },
  "HomeYellow": {
    "count": 117118.0,
    "mean": 1.6817910142,
    "std": 1.3065425839,
    "min": 0.0,
    "median": 2.0,
    "max": 11.0
  },
  "AwayYellow": {
    "count": 117119.0,
    "mean": 1.9843748666,
    "std": 1.3734876772,
    "min": 0.0,
    "median": 2.0,
    "max": 10.0
  },
  "HomeRed": {
    "count": 117119.0,
    "mean": 0.086339535,
    "std": 0.2973745471,
    "min": 0.0,
    "median": 0.0,
    "max": 3.0
  },
  "AwayRed": {
    "count": 117117.0,
    "mean": 0.1171136556,
    "std": 0.3466781009,
    "min": 0.0,
    "median": 0.0,
    "max": 9.0
  }
}
